07eb22a6624ac45b, e51af84d4b470c8e
14a79f26f0439cd3, d30f00db6c9cfb02
3944194e966a102f, 8479e50b886d8d64
0e1c00a98c2582d5, df04e1676943410d
69d67c35f5f3d90a, defef5458989d34c
9a78308abbcc5ef4, 40819aea5dda9aca
117743a7e153d7f0, e0a49afc0c571b00
6fd799fcfc1cd165, 11d41d89ca658efa
f24e9ae74173f1dc, 5455d35be09b4165
eb2166a7eec49bff, c72c715935ada6c2
3cdea61d327d0da1, 48fa8e90257871f0
121cf41195ea883b, 732654d5d849d597
55a79d51c36fb7b5, af2f6f4284307696
bd519cfec58edab0, 89fbc8a757dccdf4
af41579d05f39c41, 7349d0a2b9eb993e
d1435f03c06ca515, 1728b03c58139e9a
134267d6b11e8b6e, 798b4f548bdb2ed6
6f286d34b647e565, 92e311d519fd2ce3
883c038e2f9fcf01, 8c776f9eda63f6ed
e22e04a39ba9b8ae, 5c564d4357f30be3
ec1f859d3d100cad, 99b67577a9df3e1a
3879e1eec0c65449, 069579d64beade34
8e576247777bd884, 9a83e2afc0622c6b
0357d732f6a633d9, 1b13859d0da0f220
d5387c70e1341ecd, 8b487bfc6481ee79
54a36b91b4773eec, 3d441101433c1568
f020dbb0e62ff9e9, ee781d501ed98115
86d01c7c774f554c, b016ec213f3e29c4
87d1bc6906da365a, 60909fa95b190509
7ea1eb32182a1e08, 3f1417bdc7656c26
4af9b93028b21aae, 6c0f8cda5d49f89d
83362bfa8580460d, 09ac122e38a10f40
52027658dcacb25a, b96e49fbea64a111
4d57fce20115f33a, e22bdf4a201295c6
4e9d8c66c7ab6f11, d385c8d6d83fda56
a42842cdda5c7b5d, 6f4fd511ab09c594
92a65717279d2479, 44a97325b0153116
9f9ad17c4783d695, 6caca9596ee072dc
2063fbe80e6af9b2, 0c46c394f8ab3923
923b7f6d97fbca29, 3ee4708d9500003e
a12241c8bf65415f, 8d896bedafdc9c49
0012db4795b1dcb6, 5ab63b97c5e365ab
14d79e224297d5d4, 3f95d61b59b60d61
d354416a4f0c94f1, c774c63355a40267
00e0758ab4748dc7, e724070cb9296a55
2ed5b9ed3afb4c3a, 911aac6ae794da3a
0d2781a3d95d59ed, 36d0e192f26c0221
35f710778ee54b61, ca92209f5e2645ca
398dcc8999607ac7, 76c69d66e1560d92
3533b46f2e01aa3c, b40df44de80ef82f
282bdf018938efbe, 8429188fe2998dab
2fff35bde4801f1d, e51ec71e92681ad0
0deba6a64b206d80, 5cc002f1e86f31c5
5422ef822399be4b, ec5f81e34f707787
c59d4d4ed53c0c04, 7ba1bdd86513391d
9082d8256c6060fb, b6a941f62fda0a22
3b41c21fc1e13ccf, b90c514f3b23458d
cce3751703e39757, 77afe9f92b79f7cd
0586da28209873e5, 2b4e787d17ceebd0
36c0330bfc3f1037, a91e96cb33770c10
80d25641b393107f, 6e973650c383f41f
76869679692dd16e, 4e599dbd975dc640
b3ab96d34309b879, 59b5dc42b35e1213
caeb85c62a95feaa, bde79f645e91e306
6754ec1ae7fc995d, b01062f78b2cac1c
822fd7eb5ca8590f, e6960f81a31126c9
b8c3422f3e1ab38b, 364c803eebaceba0
53efe396f99b10c3, f4a04eb76a7c5673
879589b12a875c91, 5b7f50f79ab65028
dc48abc3444421c7, 8c59df2e28dde7bc
73f8b2cfa00cdef3, 781d12072633120e
fbc189f45d99b7e4, 4d44f520f3af05cb
2e419558c8f1e9a4, e0532b94f3cc3c2a
3994687ed889454b, 6dafe1cbe2c48d73
81f71a2103f914ff, 3dbf510797ec39e4
ba9df31737abfb65, fa4222aaf721e6eb
ec91beb482a759bc, c75c70df7a96bf96
72af6d73c460adc4, 4a03a77815895507
3cc13a144a7f60cb, 9eabe96798637ef8
767aec7a7300792e, d63fae1d348dead9
9d6c45d417413a03, 356b0eb06d83b97c
d2f8b8549f1110db, 18bda8c33ae4be40
d24af01cc950e740, ad48070a8f3d134f
cad3ba3ed3336c70, d15c119e943f86f4
9fb145b7f27fbac4, a16dde5958ebb8b8
777219168329f255, 3b57beb4f33563b4
74e2713d32587dfc, 45b1e75cec6c1664
2b373afe6aa66f0a, b9fdfad2466e28fd
40224ef596dcbc27, 485081d888ba74ce
58b4c14a337b0faa, 9988ece93ae2f576
ee28c07151b2c7c5, 039ca0d76afd585a
943803c69180c3bc, 80cc1f47d90b523c
b8fdbb22a42a2cfc, eff9b515c93ee1ba
deed46116955bb57, 601fd277fcb00e79
7d7bc8cf2e8f94c2, 1ff716be9c01745d
c8978959184c15d0, d3fc3f87b3b7c2d2
49d0f2edfa1fe9d8, 65459f3c57d15478
0c30e97585a4cc03, c976f199d2f34fe1
2095d24e246610ec, 55ed0444a289f93b
5e944ccaf5adc5ad, dadc275f8b1055b7
fe994516e55be62f, 184183c72f1e8eb2
2bd81c26f706fe04, 631f323a1c1f0dfa
36e879bb8c46beac, 4155a37f8ca099cd
db90fafff70becf5, 1b686866d4da6bb9
a4310b8a8cf1b9b8, e85465b2a3fc8339
c9d5dec1dbdcc511, 33cae700b28e216e
c43ecd51848bfd5f, 94c656b35692305a
1cf85f13034b08a7, 6f2dc3bef2b0adc8
7c13310904eac1cd, fb5c177b1956104f
c09f8e9b7b53ad40, b21dea1d856cbf63
7008dcae228f3994, 1d7627d6bbf5b4aa
0000000000000000, e37843ccfa2e6d78
927a9116058e7621, f81c164bd9d4b952
86d53489203c319c, bbc1e8c8bc4be365
4f62a5534d66210d, 7207d086b1d6a715
05afa8810355c195, e46103b8aa0725b8
cf52abd5e021f667, 9952545c6f044b28
f62bf0166721b3b7, 126cfaff28c4b3a9
84580ad1bf2bdec4, 2132244568bdb589
db8645dedc0673ab, 9fbbe12f517ccf1c
581e80394077a036, 408e037844b4ef34
a2904d09b200c036, 552547a72c29a382
3ea7080207b5c648, 69e6ae953f67d34d
58cb0717f6e5dcd1, 97033af7d64011dd
6b21af472822f380, 8783fc92db99f184
4173b981ea59b78c, a9866f818373075d
ea04969c0456d25d, 95ac239704e7ecac
21d97418be50e929, 64d836b609742885
7299719abb641afc, 2db244b612f641dd
d7d47dc22d354e17, 6837701d097bf39d
39e4b33e3b859b5c, 0519ae8fc0f57558
5e0f741c605e46d2, 4a575e3764fe71db
f7b76cb21b86aff2, 4fda8489772b0003
d8153d6ef1f9954f, 81c583a7fb184b22
5a2cb48861039f9b, 617e348df505b97a
e753d922d8747f37, cadfe32e1ab2d733
83f353e35199b548, 9aa85aefe0d7546f
5021fb6ba8aa5e02, 95a72e889c577bb4
d6128a38152ad3fd, ec0db02f638f4a36
7dac1f55209e8ca3, 616c87e81eb737cd
92e087e3793c2cca, 52267b8e39f60fc0
5e273506d19308a7, 8fa73a1ab314b9f1
a693dfbbbdb2b83a, c154f62b903c58be
5ed88f7e761c2208, 243f6838f9a963f5
8de219828fdf2fff, edcb88dd1e0534e2
fca9ec75e5183f43, 3adcd0afcf1d497a
3f7549100852b7ae, 23d19ec32bf446e6
e5976aa24922dca8, 2e47c9c90f87de0d
fa6b267187487983, 03b8e9c45c489464
f165f9d77d381abc, 9fc010809220191f
ad64ccb6b684649b, c3dfd7a0f8a8955c
1bce3d64f1190ceb, 31f6b2f9c850a566
84335c0c7bd68f6d, 4bda12356006b2a6
3b8844b9c15e756e, 3f7039f27b956e2d
c2422478c68913e1, e8c80d2b03513e77
e70bad099ae69ed8, 7e99272f5216cfaf
57504548695234ee, 36bb8923a1848133
8590fa0066896da2, 109cd60af2579be5
12b15bd310d041d2, 04183c2b31b67eae
12664bd8ef5eb946, 8be77d831ae7600e
afff8f1851c306d6, 398fd9d81fd2df57
5300d6ba8a445c9c, 4692d0a6abb8f1b6
f5b76f0587b0d89a, 1cbc0bdf5ef138cb
16237205812c4c30, e39fba15b66a35bb
2bdb497c9e4f52f1, 81e29248044a9bbe
5028abda6c077662, 9353cee321f8eae8
8da6da955ba1dd33, 454eb6191744d0f9
bee56746953fe0ac, 3241ccee1c12e29b
6252b1e47efd14a9, efc4c2a42119ab39
d85d2576ad7768fd, d64fb75fa3c4580b
a013d70c1b4d6ed9, 26e102f0a69dac59
32d61fc715ff7378, 18a1c276a650a8ef
52255cd022707afb, c08eb5190e4177c1
ce9f717b17d978b7, eefa67b7765823f7
ed4fc3089c32e1ce, 9355124a328f6ae9
0801951d00099552, 924a5aacfae68234
2ef12350629d4b30, 14e3a51f64ec6ae8
b61aa2a71337f6a0, 09dfe633e9361426
3cbdab5396230a83, 9a54e3627f4d3e65
72ce8b0e006ddc08, 743d4826763c4f65
6e71256e7abbc1a8, 3ba7014c91621a1a
ace4f90e81443ebd, 4d184f30fe8cbb4e
01e911980c1b1b7e, dd7651455386b923
e9a78ce91468f182, 172910f7cf82ee30
da17f054d2b1fd7e, 8c9330deaa248a55
95f68d163acbd43c, 5120d869e64e3b0c
b5e5d4c100ef40ea, 9c3cc38e98e15081
96ccd3aa35c52c0f, 1d31f843dc9cf052
190f23a8ee52a7d5, c715911b657922b0
dc1d63aece602c64, 3afa2c5b4a2d5054
56b97a91854ecd3a, 2c020013ffd49482
33a1fb34903b1e27, cf77c25e37c56a62
08f1d13db6fe4c92, bc9823b08a3da856
1baf40e9106d4d66, f2836b5cca157bd7
26c8f7ab16c4e54a, ba0486df8e46a0fe
65e17ef61c9c1d24, 0912e2b48e93aea1
8dee6144ecadd607, 1ff95e2f8564c522
5d17f16d843ed3aa, 7df9c5c9fb378921
06cb561d8f3b67f5, 66dda5ea5dcd2e9f
5e54dff83b7dd1c8, d6a1b3dd887d1e72
1ce5eb3981085d0e, 64278472daf9d096
f6bf52e36c29eac9, c7529ab68b374a91
40db36c41a0a6e20, c44e580746af9bf0
d5c43d6400a4591c, 842f6043b6b16527
8944550a4cb31943, 2dfcadb84ca0b45c
726b26de9410a8d4, cf35927535f29f3d
ecde9806e80726bd, 2c67e2e03513c0cf
cb6422cb087be892, 82e96e85b3d0f717
c03d9c0cf0b54f62, 8e4bc7f34c4ce093
217541b586e98a72, c5d364d8ad7575fc
23ab5d7e4c3ab202, 6f08863045ca1c5e
c72278b0299e6df5, e917ad2889d2ce69
028fc00b0ba89dcb, 8c883a5a7558a5d1
e639d7d6ef273910, d8fe34660b7b1bb5
9c7ac522634f942a, af47ff1780ceab00
720cda9bab4890ad, 4eac0e78cf94f0b3
d751b8e2f955addf, 1398ca2bd07dc791
8f85b67eacef8e48, 6a6ba46e64e3afb2
69536bcca3fff615, 0eb1310451029855
0cd1b0b7194164f0, eedf1ea6858bf68c
921dd38b72806b01, 6347cfafbc798764
5454a9678b9f08a5, e2f9e2c0dd4edc1d
c1dc565977c15b05, ef2dcdff8678b45d
05217fb1100dfa79, b0716d1a640ba11b
61654504643b1970, 7a190bf4c10bc1ee
0cc927250a8c169c, 457c9687712cdd5e
a9e9281b69931d6f, 17bc3c678a712b30
b49c20c4aa1a3d0b, 18644bcf2446168e
7f820fe4bd2854ca, 1aaa428ce5f4e0aa
f17ceffc080598b1, 787cd39c2e1c1f4b
eec0cc5853e9c707, e276bbf8943fdbb0
86e7cb3002083b81, 905f36ab77218b9e
8a4a654872ba1263, b99604c5ed529a13
af2b4d9d7df573db, db9d3a828602b651
36015f3e07f8eff5, 16ab6d894423ba10
b8bb4d0ca514132b, 65859702b9efdcf9
fcdf5bfee7967f72, 99427e26ca85b6c9
e0e5ba529fccb5d5, 7c3129fb0cc7a7d5
cd1513d40d02cac5, 2fc980ab8699fc71
bd17d1622ce58d28, bee69a410aa30969
c4e826ab7ea51d5e, e67f003a06fa2fbd
8ad7b029a366fe71, 62abe46488679b5f
7b114588130f4dd1, d738cae19df39f69
271f335304c17bc8, 36f67f3eae8e92c2
4952d484cfa54df2, d0a8f14362c8f1ad
a9a17328469186d1, 6589e380af487a02
6837fa0c9df97d18, 3cc295f2f8740174
0ac2a01ed2edeff9, f4d76af29793100d
0c224c10e3c7d88d, 0705877dc5a13636
684cb5aedd3b7f45, 427d9f685533d286
727a510f73ce277d, 4ab8afc66a6b7d33
91c79b63b58a5cc1, c0a6f82f59725cfa
ada8d2906faa1dd7, 4b32b97e2ac17288
f6d285d30e051980, 64f1d3e68f53d1b5
7f6a90f239b76fca, a8b98cb87d8371da
50aa709de5229f39, 68b8a5b3616c47f3
7f0b2d349589f542, 46f898b0ebeab56d
31c7d3a072f07768, 7b8b4aa52830b69f
c3fc3cd101555180, e9b38b726958fcc1
bfe172f899e2c218, 109504f6d70e400a
edef4c827841c5a9, cb2ad280e685a59e
0998497b88c0e34b, 3c4b19ab8e837231
bd1f1cbe746e3f34, 195b649b21286554
4fb12ce893ef0080, 2fd4822742de9e83
de4c03578ec80097, b8de31f75c8b14d0
604a12e80af534c7, 57bdabf83d37c96e
7649a102e8a9a797, 1fa448d9fce33bb3
15508689bec5bd0e, a1d9b98e9d67f9a6
76eaf60ad9f78ab7, 4c3d1b23d878a6de
438d0ed1550f68b5, cf9158465766ab8b
597a9e6370d22b85, d7df700dd9a7cb77
22b10ee176ccefec, 14cb269e6f6f11b3
b6e5f68fdc814620, 323c9e46d2fdc13b
0e55f164645a19bd, 19071ee3c2c45066
d4b72044894bc9ac, f94754608418ecf2
fcd88d72a47c5f5a, aaaacf236a6d4448
6155e93ed62f5ee5, 84f2946e46e4235e
d4f43551e9a82d33, ec1cb75fe483e87e
844f49e8a962a57e, 528b9b4e86277d4a
1ac6c2a3118c4f0e, f6516f158a8c6021
64dc800858df62ba, 77385a134eaa14d5
354bf80b7a56f0ff, 0abc7af45da3baad
a539e74f9c8dcdb6, 9507237fe4d347a9
538f59641ba9727f, 74101b778f65615d
85f387ded2e99807, 51bf6a11ceeeedcd
349013afe603ae8b, b3f81729ebf2173a
3d95dad922a78f75, 9f7c705a542e4e2e
37e8da52914cd217, fba3bc6c9b919a5a
fa01b7c9a604bbf6, dacb0a0800e118ae
3f59f512438d1977, 6a4ae70b37087dc5
1d2c260330d48e6d, 0918b858ebaec06b
6a69468c10d50247, 7778676f9893c87b
bddc9a4f286c6668, 3151932fe95b01c0
c55b7a08e8938005, 2b66c1e06b2fd303
c0a608f07b965de5, 5f555e6056ee440b
ffa3711078735735, 4ca38eaff89df095
4ff184785deae023, 98a028b6cb05f7b3
455a2b2dedab32ad, eaa80fdb9f765dc2
523a9dcdd1fab2d0, cc870234575067cb
af2b93944e33cdc4, 621033789c82e5ee
9d23e01597384be6, 81759e7070cce9a1
29cf5e87ba3eaaff, aaea1f684a7604cf
98d52d86815f33d3, 931d40b4b7405577
9ad1a06bcb523b69, e7dc38124f88ad86
751c7e0c54c9f37d, 8d613e186f3b8a8e
9951045390ae5228, a293eb206f71d133
847fae05dfe2d879, 3fa4e2f8b579adcf
b378e47eca1fe73f, cf134cf52af7a0b5
3b664c8f2f3f0dc8, 28bd119505aa159e
90111b20c06e4944, e2a5f83871e5d54a
7c6ec664176dfceb, 7eaa7b1dbd4a62e4
edf749ccd921458c, 93dda87aed1fd183
99290b6349f2a284, ca68d0257a27b035
58ee14882d2150be, 6a4549d8b71c5885
326cdef2da2736c7, dc7af3911c3da12a
1f7f94f8a0d98539, 6cf6b8b7b6b33e55
03909c4c823fd0db, fd06b0c72f5ed376
2de4635b05b31938, eae160115ce03186
1ff72af91f61c13e, 39fde1efa472d677
e05536812ebbba31, 2cb2623866a0e54f
4b577dce964ea9c3, 818032ad252f9668
62313d4bd96a7ed3, 02a7e74cbfd023eb
320c1e38bf3770df, 0cf16646838cab9c
2f9ad84efb998cdc, 08ce0cfff7177503
eec25d1d7e174ec9, e54351610c77833a
6ecc97041a40c84c, 356db2f38c0a8999
4ce6840c1ef4eb4d, c220e098ec1cfbe8
8fc39b8a5d27664b, bf39fa7c883c7624
e9c36867dbb73149, a08bdb1c46ea3289
83c84e9d0916e955, 1fee73729fd1c26c
fc6e611a624c67f1, 2a7169db4a3879fc
10027c6d29e2b813, f427b3c7d83d018b
6b369c113a5707e9, ad932fa945368771
772dae59811550f1, 2ba31ccc6a75ce00
a6217a81d8abca5b, dbeee209a504b75a
7418f87d2ee1d22b, 511b66db31a506f7
4f3445b280ada390, 8b866a1b4c8e24a5
af1ffdd902b6eca8, d5483f465cc122b8
d76629af12f30a86, c8dbcde8d059d7e4
0c02033ae3d56533, 8624ccdf3e34a6af
09abe58a58881a07, 3351f4e178c3d1fe
a818e0aacecc52a5, e3847743edbc1dee
337b54456e5ecb7a, aed0b450c6e5016b
60ceb543a31a76ad, fadf2e450aedad3a
829b7dd0ce4b954a, a6be4b1b802b716d
c55b371de451258c, adc7f868c788a1c0
69053637d288dc05, aec74386826392dc
03304a718e15ecee, 96ac5815068949a4
e3a13286bba83381, 0a39d974c23742fc
046a9ee8bcc37425, 17776aa62902003c
c9aa5d9b3239a035, fcee4041c589f32c
6aeaa6f8ff92e7e2, a70b4f5b41080c57
331968efc19c70c5, d4d4d3358db9d298
060eadc2d221e89b, b9bed6a83facb0e4
cb4536fd7ed632e8, 6948fc6f8f742c2c
b95baed1c9aabc2b, b5ad78c36851107e
c0d9e1bf6bc8a19f, d2a6aa686e3e03a5
e1098ea2a5fe68ac, 6e6690f9b4dad91c
0c156ede37567902, e62e4cfc6eedf8bd
9baf001a85320245, f1555a15d55417d5
0be30477aba5168c, 0f9cce36c7b9e7ee
afa42f54a29700ae, 4f7cebcc72929f05
ac6f8de3c506e661, f642427ad3449b92
b6e67b3b187d8124, 1b4a6b613ca8d739
61859b0c2bb199da, 9852ef7d834ad8ee
55c82ef75f2fa50b, 73db49d3b4870d46
dbf976b463f587ce, 99c84be0d24846e2
9e32ef6339d5c4ef, c8099a7e5a31b442
bb3f2ad3bdabf71e, d40989f0b1312c1e
31922a5c43c33698, 97d2e2c62eed3d3d
8b648fea9335f631, cbb921221e033893
67e595a0ba598f75, 2941f057dae75ce3
99ba485665407496, c6bd08511209ed52
d29ef2166228aeed, 6a5008bb86e87084
8d3ed82073ce52da, bcbaff61609d33f1
b3e77b6d400ae2d9, aceae56fe64696db
c42a2f2a6aa3c03d, a8b8e119f734df86
2b23df657ae74ffd, 41ba761589e813bd
42b353a4db019168, 610569a797cb9919
3f6989b237db8dea, 143e8650a5fb3aad
c20857021239dcd7, 0793fb6a88dcb053
640b01ceafc10bf1, c8d5b445c179661c
745e95506026b89f, ef13cfe66d3282cd
904152c71cdfb2de, 2e76c13db737b3ad
e709e1f943bdd0a7, 871a78c3e1f9a68c
c8d1757793816807, 7dd724a54c4ccdc9
dffd573f2410dfb4, 39d9730ff306b48e
51317b6e102d4cf7, d594c71c44919667
82cccd5017629ad1, 055c19f84d8fe54b
372df07aeac121b3, eae2402f171dc304
92962a2517932df7, 0539b05a95edb6d3
908436b4941568e6, f500f63fd947ac2b
46e4545611a04d48, 50603334a77221b6
ce3ec2b8ffe36b91, 1f4c1ea97f67ba79
7a96b79129e488b9, 72a71849cb838506
68bf6efdd4d6e31b, f04d8fce6294c273
ba3771ccd7bf14a5, 7fe2cb3026d3c447
fdd75efcbac98d34, f37b51ec4c8d61d6
5f44c688284e4291, 68a1802d471ef39a
be48a287f35eb2ce, 53d2c1b0d7d8b05a
0db08ee28671fd41, 58fb58684ccb646a
a86e0d7f2d21252a, 807d491cab47500d
f88326b34cb4e7ac, 410867e4a4d5f8c6
f8ad3421fc76b209, 9692a1cedda168b2
2640ebadb1e8ee59, 968b52f27afd0c42
57fbd8841cfdaf15, c41ac8e43e1e7870
80d5c8cd89af7982, 67ac0786699c103e
5dada3592455624a, 2e19f6e2dcb3a280
954ef74636e59f8d, 697ac376842d82e0
e07712fd75c112f5, df46ba6daad9cc6d
582883bb1d0a8a48, 0a6fb705247ecf03
96dac220893ba2e6, 9674a44ef1d29f0c
e9453f0d9aa2572f, b6b9679e8385dea9
f04f75263414b415, 5791b4bc6f487fec
8bc612008724f61d, feeb2c36e87dba14
feb83d87f4df6edd, b634f12a84d4ac8a
24adeabe4f41ed3f, 53522dfa4b2073ae
906266c5761ada02, 82cba81c9682fd3f
e0ec026710f8840e, 84b98a3c445b44a1
b1c295a5a10382c6, 5450d2d76ab3cf35
b16c8400ad72403e, 956e5b98306c19bc
2e69aea850fda5d2, 65253672ac69a7c2
d4a6034bc0dd4da0, 81f6c3311810fb80
c94f07d9488be7f9, 0e96668af5575ba8
4d7c9eef8020b531, 54eef43ecd1616ed
8c393139ab717780, b83b38a348a58067
177acbd757187720, 1fe4f99b7a40a57a
677ef9af0ae0a857, fa06ec3e76af4e7a
5d4646dd66fb0ef2, 2a5f36379b32ca7e
353f2ce0b1a360c8, 8f300639f7b9d29c
1e2ba075431796ab, a399c93c6f14bb01
968f5aa07003f7cd, c4d45ef29a498dc7
c97322e1d5bcb293, b8eba9cb741aae16
493eaab039b8a26e, 1163c3ba40150730
f7ce4fa872af7190, cad5a0d3ddfda3ea
db11051e289bc9be, 3e914054c377b665
2b245e9b27566870, 33a29ee472a5357e
941220cdcac33cc1, dd55a3d01a80c63f
918b6a033adb9315, 4bd3e2cb4035b7ce
ec99341434fdd35f, 5040f01aba5e630d
2131fa488762b91b, 0799f948f59f98bc
74d9e93e9c25002e, ec277dfb2162d18b
b06a31ea45c50031, 7071c4b1f13c3f51
05541af8b2ccc60a, 527af6582eaacc99
d7edbaef6bc22aa1, 69ac095f8de45ee8
5e3445923118f253, 0ebf6a33b38da141
4aec9bd14f54edc3, 52cc8eae5ad7261c
2ed602cafb02f8ab, 568567b495189413
6c2a95b1ef95e24d, 24cab5bfd4586e55
c927dffb40d14e8a, 6431ce250ce41bdf
bee95b0d3e48d06c, 68895bfcbb09cf83
1ed23619d42fc440, feb14e33cf74ad30
595af148efd395b9, b9d98b59ed3bb77e
fb74b43b4602c504, c93766c541b1c936
eb20112969e19587, a3e403f5cfbcfd64
f549c61254505b82, 243a7ebc4db5cd5f
b4cca188fb65c954, e5578f2211ba3493
bfba9caf8e316889, 76312ba4b9f86ecd
a51cc4eb1e89ef09, fd2d68fece634eae
a9003312e2c89a96, e8d93cee1a8132b2
943b1e8fa0e7e360, 973be6c654eeeadb
a27f0f30b077b956, d3138f9b5ae7cdaf
937d41b10631baaf, 7a453a1c6d16e789
31edc213b65ca94a, 3a81828442ccf088
97c8da37afbd9751, d8f993fda16cc5a5
3da681ed1d3a43b0, c658957bcc1d4266
b9092a0a06d0dccf, 8b55a926263088ab
b78561bdb61c6de7, ab448ae289355b7e
092ffbbf8ba40a22, 92559b0264f2ffe0
6ce4591ca1f16dde, ad3a3b4c2a0ebc3a
97efccb5290f65e1, 53396d9f42246651
94c79e4ae30b32ec, f7c03e7148961e5c
3a2dacc5d1b6e73e, 232fa6292379819a
9a415a3b32c71ac9, 896e91e7f309e6ff
b6e67ee0f5e4c18a, 78294b9e1bfc2d6e
ab5fd48e6b067aa5, 001736262b31dbef
33266b05dc524376, 9c507ec613149cae
43ffb018bb62acc0, 54833b872978a127
939db2c564cc8f1b, 065697db6606e63b
b20dfba7f1bc319c, 6e227c1ddbe7b23e
1b062a860ca52c40, b3be9ec8050275f4
cb9745a8e9881e7d, e29efe06ac80db21
25d042899cd1a44e, d7f603ecac661d7e
df9ff6d05b276d77, 35fb7abedbbb2482
2d97fd3a3c297a08, 2dfd0e7953ecd22c
c0bfb0aa47ce276c, 1d3e6c0ef05d970b
9f69f53b3b9a8a1a, 1ad752ed08bdac4a
3980ea95a7570cd5, 8402a6e3bfacb8ce
b6c6b869937f7388, 55af55cce5155850
ef090f2b338933f3, 55d2a27b7ef61795
48e39d8fb2c4fb51, e9638af6960be90f
2ef08c698a1683c4, 77f551eddcec42df
966d593ec56513b4, e57d792040b2b266
6e22dfa1ab1395f3, 24aaa29ccbc6a52d
f63282a8f77df925, 38e95ef26ae0635e
6d868ef89c11bc33, 08c6c2cc95497f2f
7e1571437a84f7e8, 99c1a2e59c0c2698
a6d78a51ea1f44e0, 20bb55a1c9e3d0ef
51c6894843826db0, 3412efd928865e55
c8399a1c89f59e43, 15d8a2003db52b5a
08fba8a50c64d88b, 821be6cb21d4a76e
7949cef3cdc6dc73, 2231ada50df9c43c
9d66c487850867d6, 082c3fdb206528dc
cef01f11738cc17b, b207a43f8ceeabe6
886a2094cef81f48, 3b8d38733fc49a57
41ee3b0eb4178151, 15ca294d6cfbb778
7d45d8024d3fd91b, 418df9f24fefdac4
30f82ca384ee1e0c, f540ee3864005d1e
583fa12637c06e79, d882af4d50cf8e0e
aeaa8762c109b33f, 74561a0f79e0f5a7
fec94d049929d4dc, c743a01e8ec77018
4e8b419ccb1ab7fb, e2bc3c0b9f80e6c1
12e49e97d2bca32a, aa84c3e977522d82
fb44503305bfacb3, d4df3abc5eb5247b
6933162a3cc9698b, 865b209f6c3868e0
55ab2720c5de1bd8, 4f28be60d988d17c
c2b96f947512be71, 140b3d6601e63253
570fa45cce500f37, e90d1315f35516bb
832561c0efcb4b44, 53b26fab89c3efa4
7672643b507f1313, ea4bd705caf36d69
3882a7ad95661eec, 153a351cec2fec55
2884f4e4e7a0a49d, 604beb88093c66dc
75c2484312577a96, 6e7914a4f0b16228
7ddb566ca6a1b01c, fd084e7eb99ca18a
13145863936b76cb, b9cd62f2f658fd3f
ee1e788384976ff9, 51258f62ba7aa7e7
59b73c6c0eb6028b, ac61d4a4126371f5
9158f738f9a7540c, 9011c905dcb82366
bbac6f4e18e61906, 8e8b7b6fb380fb51
0492898829f88182, 54e8b3d866606bda
afbdeebd73f04904, 20fa356c05b121f6
48403c41e8914da3, 2225c499dee26cf8
675d06fadc7a82a4, 075dd8be995c8153
3dbdf255a30b5ba7, 5370ce953e24a2a7
9de42fc6dcb0498b, fd6778921e4c53af
6d3749e02892e470, fed52e0950eaa7f9
d221b2bab2ff5eef, c375a0bb8db68e29
bc50455f5ba006f9, f20f5643688410c0
8535bf61e508ed52, 658e77751eede47b
40363268c817d89a, 821c4dedf9cc034b
388a55ea8ab3d946, f8937daf0ad063f3
031ea65ebfac5744, 0eae94836acb00c4
e217a5c71f921a5f, 01b6c55a752e9c05
b31cc13d125f8010, 1c0260e70cff7c44
c84cc79063a02b9b, c6c241d68017b31c
2a8085b4335ffb36, 1e96e38e67b23bd4
7da1943c4dec802f, 0403932707afecd6
0326f722b8118281, de658dbea07a51d7
5d4911c1e93c5c14, 3b885c9df9df552d
bce2c8ef41c325be, 4eb510c43e67ffc8
64bafbb2a67be1a9, 13d7fec802d5c6c1
a1d8cb5ae94ddb47, 60add5d5d757f17a
97ec0880296494e5, 63fc8e0ad285d4b9
465dd58720fa4685, 28332cec4590a66a
28cd15c1f6e99d1f, 4b9956806e5cb51c
7c8ed2dc029ee7c4, 2f2735e3005c51f3
b441375abc18035e, 9cfe515d1e6427b2
f1cfb8da1c9321b3, 3e0402379970165d
7f2934a88ec88ed4, d74747fb85d883c4
25635c465da2cb12, c969293de945d706
e3026c9f1a70fd0b, a3d6322bfdce36f0
3fb5e65b48070fc8, 3c0be303449ee7fd
314370bf0bfe9331, 1c6abbe6a0343323
61ef77bf9142d174, 58558aecd7adee7d
443d145ead116aec, 4216ab2f280da891
c750480f5757d788, 1c6401ca252e1834
6d92035432a7f299, fdac737645f32f1c
9a4847a546dbd6a8, 220187b2a3d3b2aa
ca4d675c8f38d0d3, 9d7ca659e3ce67d3
75e43223f69c0fbd, 83f4912b1732fb07
ec57cc43aea4cc48, fc04883d9b57e377
ec13ee32eec4dab9, 6a649e44cc03dab0
124115a179e575ef, 534e8c4a4a863803
caa712c043217d2f, cb64bfab8feda005
79497227ed3e70d9, 7aa08a2afc8b1ae6
525e0c4022e6f934, 007b474313776860
280ed6a1f44b90be, 5ed53e3a34e5a04c
04f893e072158526, fcf6707558fd4a35
f2a27e35c4fb643d, a669afad03514353
44d6643215d40b67, f7e2970dea245d1a
3217a755fea18926, 58494f69c6ead41c
af5fc7a3aa58619c, 83ed85878de270c8
fadfd1beda35fb1f, 372c3044b8f0430b
0c605121345c8867, 4bae62bb5d2a1d9b
742fbc72d0459880, 8c51f90f34588d31
a55f234fb785ecb2, 8c168ac919a4e239
64bd703ff36c5eff, 7d145c5a5e8a4b87
ccaf20000ba8677f, b7c8cb72899c745a
32466344a5e354ce, 2c093dc701fa8d8c
d723f1a86989280e, 8023e1a88a7df1bf
e94b5da0d0495235, 5c6275ffe7aaeda9
07c374fa2fd2f9fb, 85db9a3cd7ab6eab
8119fb8cc1630c98, bf6bed9dc099cfc9
86fd40ef8768fd70, 8097815711aa3b12
b45b1084a463b9ab, 15c6c288d85b3e98
262da555ff9e5080, 89a4ab3d3e82dec6
b74b0d78ae191135, 1c3d34829161759c
1651249dba220d6e, daa46aba3caab8d4
7d1ef22181accda7, 6ec92d9d267aa354
b0698fa6522dc5c0, dfa9f7370a693189
d972fcd9114c59c8, f882fadfb4ef52ce
976641467f527b96, 94e4cea1f2a82ec5
a39f335dc141cb3e, 6f01cfb9ff74f6ea
5fbe60e06a2d8743, ffc3006682a94cbe
9f831cb0cf767966, 76b1cadd17c47ff6
dcbaac5c0c27f2af, 6e9f1fc63ae13e78
c7250d8866d8c7c5, 0928a9b30f8f722b
9627a500542c44f3, cc2e5fe254383a3d
af60a47ed61de5b3, 865c9918738540a6
d7910fe3b9019280, 0c51c3abe1ed0493
bfc814f170068b74, a5c199af3b939570
269f088d78cf520e, ea946bc3da7e7133
f6f80f4a24533ed4, 859fd02bfb2ecd0e
b3e2528aff373dd6, ddd36ace213a02d7
c94cb9824d4b0273, 40a86362d7159ec1
eb0a0063da5371d0, 5916b17500db3f79
4b801b6fd3594387, d623f4dbc41a3ec9
3b96113acd4e1096, 4ca8ad9e735d2045
9ac918e7141a5aff, eb2365b5ffbb3f3f
255b62ffaed4cff9, 6d8ec7a9d5c9cbaa
54ea682843acaf7e, 7dc67f14e980f9ea
ff1e557134da9766, 3489e58066594e03
42c0b80f0ec8a6a8, 7933e01ad39116c3
91be8fa6d9e9a5fe, 9b5d477937947e01
4408fdf2dccceb30, 11a813a522a9dce0
b75458fa00077942, cde8d904b8dbe0cb
c73151d5faf77d8b, 4591111fb02be905
b60c318ff6d78d3a, 28b5474dfee7cb5b
df8a2dbb5618eb0d, 10945a5eeec439d9
6c44086c4b81ae13, 14745972718d640d
b200e8acf76638ad, 5263901fd1dd7ac8
72693c6840c9a31f, 8b1273b48552656b
20faaac5ddfe938d, 4db0692b3390a37b
53d0daaae8c6b755, e47570f110759e6c
0abfc155407068f3, 159b7ca7eca1a5ab
70519f67b7d71529, 46a1278611c42f8e
415192811b35a16e, bde2629a024f3291
057b18ed41d0424b, bad422bb95b3dd49
8f04a1d07409c3e4, b91c0c74e059b76a
5a624b113a603b7b, 1cb3acffe0011007
b2cdfccd029d3b07, 16eb4fcb220e01c3
1954f45a2437a6b3, 9d7d44a67f5b1541
3b4783af504693ab, 6a25fffd32dfe39e
682334ba50f97a0f, 8b15b2a3c0733345
a9debce33ff75ef1, a78605e3082613bd
c45abec6f8f9cd11, 9bd7570dbee5409e
4dc26b71f9112534, 52d56f3ded66c101
58a8e3a9ef765498, adf4b4d9ffc3ceeb
54107b9308d984cc, d8057e3b78d9fcf9
3342932b3c603c89, 4b7089333f5e0ee1
22a8fb1bb9204f12, 13b7f07c6c982a2a
c832bbb7a80f4ffd, 3b63d93517bae361
1fca9027a315f4d7, 2e1074fd7a1c78c3
57870293e73f1d0a, ef8c0039c5cec89c
c28f0032958ba694, 516cb103faec7950
e71825a03875b200, a0571fae6c2bfe03
a76db8507c074d9c, 60fa28a97103ded3
d2ddc375f2b74c4a, 7ea77e6527dbad7f
3e4fdd268efa3075, fa4c1f656b52d0c8
1255154acac84b72, 214fdc4e534816db
3503c2b20a0f4edc, 23cc0135a5f02228
ec1152dfc99e2907, d76db90093b950b4
ed062d7b015df013, 11c812cec61ff9a8
b3065e7dcea9ef03, cdfd49e79d01f629
acb1b5b6c00393ad, 188225b61b7030fd
aafb06ded59d44f5, f01c4c37eaabd641
7a3e1df1ff78f676, 4b02d9d9035f83dd
15e58cde83b5e571, 15de254b10e4a7b4
bb13ecbc70ddd023, 955a3a42dcfd7f0f
e32ea1b1d790b483, 52625ebffad49957
426a39026dccaf82, 17514a8faab154b1
b13b6035f046a6ac, 9b4becd995d6f0b7
599268c96f38ed52, 4859859ea4abab21
668e033d1eb8c060, f90626dccc82fbd0
22fa638fc6121278, b39e299e8c68010c
4e72ad3eb853ea11, 98b8975296ec145f
e553db558bc8a7f2, e87fce658b89286f
98eebb75ec4e0354, 757c3d6ddd956d99
56ab2f7463f0d585, f1c5cd211b09869f
ea3814b04a262898, 63214b3e474708ac
99d5d75128c1630e, ff113a87a04440d8
143e63a0060a925c, 61ee8a1fb3b62867
b5c1d018b1a59d9b, af71bcb239df2cda
ddb24c28d874c071, 8d88b56db0a6f2df
4a97c3725926806d, 43e8e886e6b5851f
64e30d6aee9fc6a3, 33f839814c118251
6196bc123c59ae19, c945aea6e0b829ff
0bfa41e46e0255b8, 4c0b43fd564bd1b1
71370fc13089d0f2, f121bdc01756aec0
99182bf23eab60a2, 22cc7e918f258d75
8f6d0c7d0dd2206e, 1e7afee395e083ca
69dc80a5362ebe41, 543ab9fb2ffc3088
28002597027b4f9b, 8f766b55f62bd9ee
937a8ed226ee74b5, d10e71f4e978db38
5b8132685352d6bc, 0d1a1a635521c42a
2f5761658520a6ae, cf6039fc32dab533
20cc45224794bdda, 9a94444f7aadb33f
0f4bac353921ea95, c7ab899f9acdaca8
a21cfdf56ed4b29d, 79daa394170cf6ce
18d124ae5ccb4206, f24616196062de80
2b1302b033a95e53, c8d6b4f5ba98bebb
75a375bc38339647, dc842ba5e54a1443
7e437cb864664d06, 395f8b2e737114f1
824afbf01ead8e49, c94564d3c01110c0
c190faf4395848ae, 7d8297c2106414ff
fcbd6a34f0017b6f, 7f2739204a221d3a
44f727a85d74aedf, 8680ec3079c76ac7
bea9cfdd575d2618, 6cf098107fbb00e2
ee200c277954d675, 9ee868b97f0fbb6c
1240a90241247185, ca6badc29019554e
c648e49ce628917e, bcf0a3e292db5b94
1b982d780cdb57cb, b67b57b0967de0ff
8526a8dc84cef472, c677ab410bb4044a
ef009968556fdd67, bd2b0565c99e1da8
b08669f1aadb77c5, 7093b8d71a8ae357
73a43d8080944b05, 44162111cd217b4e
baf3e13ec1d5b0b0, 2c4bb6ab2ce96313
d54a182ab9f59169, 771813337858ea7e
7bfb5b25d6d2ea49, 0d4f75691fea702b
7627c9f6bb14fb76, db6af0b18f3ba71e
07dcb4c9b1657987, 9190b6af16f23d92
164cf3039bf6570c, 2be693709c8b9338
af92b1688743d203, 8ae79550d9d28621
3e2d2814ff135d75, 16f5049ba9b460a7
3a276cf63b676c43, b24c6273a56ab1f6
44200cf585857c34, 3414da76dab730f8
172e9d9f716fa2af, 37107a8d9f2ddc41
9ccac39bdd201018, 8e5f0586b22d7bd1
477c0e83e47ac628, c391dfb3c911d9bf
9ad21d20579a546f, 42e9db7073daff53
c8f10e3960b0e8fc, f9a1d59a484c5a38
7aab9758cba87013, a44931395b144416
2d66ce5ef09e5008, a1c2a4e5434d479f
247e9608f85c3092, 93d25611e71a9467
2e4eb285e807f4b0, a983f952d5b488ba
f802e959b2d1552d, a03bbfd4bd62c319
7ced854795f55ab9, f62d71a74bdcf157
73f0c26b4cf2fd7a, a43137522b2b6876
40b00028b7f4d8af, e03e15c633396eb9
f7c108a9925ed60e, d854d023944db52e
4b5b56e050b099c3, ebc95066b1ef77a6
a15b2eed4e2c688e, cb11f377a8fea0ef
dc68b7935c8f4253, a9f3719bf239af5c
6f75b6cc40f9d206, 63bbb4ab02f4c05e
514bfde3a9d3f2f4, be266ab44ed77f6c
2f48d47ff86d4399, ba27bc2d03c3f04c
c97187179defa579, aef03760c1428440
575c0cb3ec4f073d, c462f3d08f9cded5
9a042043d7123706, 70f562909d485712
5a0b865378c9ec41, b29a946c4994b408
3a7358d862fe51b9, c19f3c5fb2bd1336
5a5e6d46ad748347, d42a90e70865eaed
78a48a4fb6c15611, ebf7ba594297441d
ccdc6444a55086df, 200b5e74d84e2d51
41b7a227df34a5f6, 3b4369b8bebdaac8
c4deb726dc09e037, 48525ce38356bb2a
674d7d14c1015b39, d265c5cff4bb1b8f
a5e5885ba6de6c72, ad0a0ccb8d9bd7af
bad0b65f213c3fe5, 43cff36246ecad85
1bf60bf7ffeb2e66, 835226104b601b56
38ac7af9add53252, 67cd100146af52bc
babbad60991ad254, cd54388430da4758
ea89b30bc5f2f0e0, 846d6283f67439c8
e9fcd8e8e7064f20, 66e8c404e8816623
b2c9195f9f4cb159, 892968fb42661f4b
8099f91b8f5028bd, 482500b769aa67be
075fbaa0798cf463, 8c3022057285d495
15a86fdb9a5fbb83, 05a7e8a601f5b11a
5b936c439abb634c, 64fe5201f62bc5ae
847cac23c85d7dcf, d980b4afb2f39d0d
bc377035c36499d9, 4b6c166188948d94
0c08b4a7676f2ac3, 3f928432c2f034c2
0396069d5169e9d6, fd1ffd82cab4534b
e595f9aef3767daf, 783a36c6bbf90df3
adede571527e4a5e, 5fb71b217c51a6b9
86fe05ed6d30b070, 43b566fcec533976
b7f61ba7946baf04, ebc7f402387b4a3e
a6a4cf27b91f1890, 8f38954db50d04c8
c6b60d181ff7ee05, b0c993e104bdeb6e
8ce7b37f5e302f0b, 588306381b35fc0c
1e147c7092c6ce18, efec867dadea9ea1
c4d4053204b6a2ca, ff5b23c748a490a7
6cb0e28ca7d09133, 020773849d0d508b
b844b31674e22192, 76c249dc1d58209e
f69e028864d1a029, 03172d492a49181c
a5a55ba95bfd73c8, 1e7c46003fedfd0f
ad56545426e588de, 3854d62da851a394
293bf49d1d163013, 544a5811a54559df
e066d0205fa227a0, d5cdf6e6f50965b5
b4329b18033b41a8, 94dd741df566ef90
e09c513c9ac50447, 349b65ce3a64ed0f
1b589c413d242066, 036bf8e66ff23d98
5f14037c2a338fde, aa41fd835e716127
662af76965381245, 706259decf603fda
d563816f2885b643, f28ca82a10f7bc9d
dd52851a76a580d5, 97f57a3ef8f0cb08
b98451e4b7e0c21d, 66a6c4370e37fa73
0ab9876ff299b5c7, 1f39993e991a59b9
fc363625bcec6899, 6dc10c2bfe566824
59c9c839fd6d2f7e, 91aad2d42d200415
3fedb4b592348b4c, 60fe47a6a80b5825
b8dc3070bdf28dc7, a8f88ba5858966af
ac14379eadec65aa, 0b8de6a22e0659de
229bcfde873778c6, 4fb4a316c3438d77
252c7cb760070319, 8f4331f763f2e689
e33389a0261668d2, a141646bdcc6a128
2b9f70d88bd582ad, bc2f8156ce5e3967
70518cf78904beae, 8f1a55ed30c35b3a
303a65904169a924, 69ad86bfcb97631e
9c32c5c2492d9474, 47a33c77423895bd
0628999678c1532f, eb3442d95ade6605
cc044c57d9cf0449, 7f9bf2f2eb8db264
209041a994ff57c4, f8d6d69e5a730afe
39bd557a26fe9ec2, 50b66b577c5ff192
3163857a9019ee5c, 78443e2633b8293b
1e3ab3f709b8412a, 181f8151f7498e6c
4882d3dd812ba1ba, 38c6f308121c9706
e8f6340ef5d2d026, bef05499b8533438
3655a0c66f8e238d, 7199b001682f2d77
c8d684d28ec5fcd7, 756b2338a5bfe593
47cfb4c8fa5582e2, 79560f1eb83d93f6
b76ed64cd98650ba, 4ad22179ba590a6e
4cb6f04189c167bf, 9f2bf1a4418db18f
1607858595a8125d, 48f1079c7f04d85e
7f972f0d5c2be4a4, ebe6b45180f06978
fb986cf5eeefd83a, c116868a57d43167
a5c87b2e89e2eda0, a633391df4199e37
e973257e1b38db9a, f5095c5f1ab95481
cf0ba82b368ccf31, f9f0a05ef26d413d
253c27132bff4dd0, ea01e3a1506c698d
c7c8ff51aaecf193, e9070f322a8b311f
5f16117b4eec151d, f0695506ac764aba
ec20da4bc201eb1c, e13e0802aae90571
f7bd492e4a185f6f, 661c481c215d6389
5486827f85cf504d, c945b0f2ea95ff2c
974f9e413b8fd49b, 94f82243d8f7a2db
a5e516f4d12b11c9, d0b58a9eaf3af9ab
e95af7337356a2c7, 16a778b239aa9155
dd244762f397af8a, 87417f7dc30770bf
e64dcb21dc9fbc82, f6a859273eef6005
84d27655fe871ee7, 46ecd34190e930d2
e2151a556cbc1c49, 3ad96e68334fe597
e063abd3fa5b5de0, 491649ca08717b81
cbb355c821844627, 6d6ba8651554e34a
a8280285c7be074b, 1e9fc8ca2b3b2d71
917da08f04bf76e6, 6e463bf60d0a8ce9
d4903b404c58892c, 533d55f8a2865f12
bb35ffb6905c9638, 04fe74d9b9ac629a
8498bd4b57c496e8, 998d63d3a196c1a9
41367746f5ed2cca, 9d7e3297839d028a
7d680ac9c094f57b, 05a6fa6b18a4630d
c9f4315950c891d4, 8dba4a3766ff7b5c
604f1fb713b59f55, 9f0fa45da8d3f78a
eb169be103c7ab80, 1c32ec43c744931d
ace0bd24a1105459, 64b6402c92465d3a
2fb549ef493e6b12, a4c570a52849519c
329c6b8264fd56c5, 5af4e254d13ccba0
4c757c5f2a1cb416, 51a7a4a7971c7dfb
324ff73617a2b646, 823c3ee4fb76d68f
570036a13ea1b371, 7f6d25e97a0dd624
3d1ff3a21c4a6768, 452c35476e839cb7
bfe3c7eaff7c0032, 652e78ea9c5509b5
cbf768e2991e29f0, 2fb1de39173ce888
1e5f915d0045ce3d, 28af71c330123a5d
64c1df800b46e8cb, 16f94d399352c127
7e2aa558b0f5129c, db6832f5d830f2ea
2aafb5292bb55bf7, b33881a4fc4d4864
acc3d945e2023500, f2397f3489a21cc9
61c75d610c2b9f70, e90ec8937fb3b5c4
ed7ef0f8c5d8c3ef, 5917b23f383acd7e
877818b32d74aad9, 4e24c4e000763908
37831e1986541ae7, 838ca4c6277aadb7
1b774927a3e89790, 1b9c87335475398a
6687882b5f4c1ae6, 3c6cdc29d9561608
c43399f2a743cbde, 3ef9cb4cf55e0af2
c7eaf84d3e123459, e1634bc47750c656
15ece7d7eed3f3b9, 09aa338991b4e431
897d802c6517bccc, 63247cbf298d2ea6
9e45f7fd9112e355, 59fb6d71f824f24f
457d47ecc013ca87, 49b4ca146f0f4f8d
fdc2d43bd409945e, 0554bc76725bc135
86148aec2b47b8c9, 494ab5340d53b7c1
8cafc61dc1a97206, d307aef4dd67f69d
26baf2e7cdbd6eca, 3aae331c4c932ea5
7f4305544c99b2d2, 1ac7b3fcbdc67e4d
ad3cbed88376a10f, 6e32f423b3b56188
26672ce7109fee37, ac7473c3a752023b
864881a7ccc8cf78, fb1183322f6d0d75
0dd27f7894aa1911, adf5de8102594047
59e01e269d8cf01d, f396cc2acd82a5ba
cff5711b8e23ee3b, f565984af2a98470
5fac13e323b4f249, 66e2d6459fa7c1c3
1b1f302bbe1e6217, 639f72a352b9610d
ff803d9c0d2db9dc, a306755d6486ad35
222af8b04de6ebad, 3ac89590aa249a25
92fe90b5b282fecd, c0ec05fa172f9832
a12ff85f4d5b764c, 2f11045c043c7bd2
dbb3e9e8e0a2c502, d0dd2a38581356ee
cdbdb21aa39dc735, d45086ddcc060f0f
a88c9d499df1a21b, 8df808abfbd35b79
9b57eb4ddae91a7b, f8c347330a7c884c
1813db666e51b249, 06d3b6061e2c4307
059b32e53ef7e80b, 425c624f1c837ef1
b49a255738ed8cd3, 03d498dae5705b2b
4477211e613b9a79, 8831acd8a88c9ff3
4e75dfbcc69206cb, 2d80bd7e6a30364a
2d38b16b2f9976e3, b536571a1b8b1f5a
339c3a6b89c63fcd, 2f7ec1f043c5a258
3e60ec9f9b8618ea, 2bcd4fc7a20e765d
fbf8a6c18aac8db7, c287c80497df5ecc
1b4773cc3c856851, 800d8eb22395417b
e43e2313d799f60a, a475589b43cf80db
353076bef7b58c35, 0a983cbb4704a27b
1578d4b0feec9af9, 3356764bfc2d917f
e441ba6eed4726d2, 46bf5aca3cb73f8b
8549e55ce2dc6718, f4d87e9020418c3f
0cddd603926238a7, c52738632bc35ac8
da0c57d8f9f2d1dd, 438476cf48ef459b
338c4c20d372f259, 87993eeea17f7864
bbd8b59db41cb5c0, 467458ab84edd313
f98cc48beefc32c9, bcab834c1de47174
72502960231c19a9, fc6bc1a4fba8e98c
098aa1027c73dfaf, b4cd57adde5ffa7e
ff2bcfd29dc22b58, dcda298eb52769c8
9ae1f64efdab0ef7, 85bfb5ad19d6e4fe
37d28226cfb5efd8, 492938338c01a837
3f90dabb03b96a02, 88939a9c9a819ed9
e539d582fb00db95, f05df98e0f03ac68
e1d1e3df7cf2d6b4, 965044eb3f9e8c08
c458da930dc96b4c, 86a220fb3be48cdb
5945075dff715fe4, 63724fd35abb56f5
ab3466a635413c16, 05d926e8924d3620
659a51316220aa0a, d28b60bf3b522366
121ff58f11cb43d6, 03eaa4f26dec65e6
241d6931e6d57e3f, 28815a942fafa417
1a859c19f7fcfda2, 4add29dd7980b48f
30644865a5847cb8, 421a30a71bcf90cf
a47147b53d8a8b61, 17797689a87c9a84
a7f5928dca10cce4, 2f302ed212b222ce
9669fe8d65fb2f95, 59561bc156d30e90
5f77fb05fc77bda0, 6f4c0fc322eb8aec
e80455258ee18635, 4c8e66b28d2b5457
d619c2a0298e84bf, ae368d45f91b72a7
ac47544938f66553, fd06cd6605a9eb00
f7824c5c7e7bf2dd, ffba533dae8af81a
f3ede2ef649f8f4c, 24e5fc59ae7cab3f
a3e47231c5f8669b, a88ea92b3d68a58a
11283b3bb7c0faae, 8a754aecb17406a3
42470bc0c2fd9eb5, 0d07b19e9dd86694
ea80a44e20339ac3, 246f3738377d9912
180cf5dd055b7916, e0cae289f7c1dd7c
84b4513b744ce9b7, d5428313bcb8bec8
93f47755f1150bdb, ab6482cc1f4b4676
96af29b6e3c479fb, 2c3e0320612ed47f
3ed81f7a5e88ccd0, 40cccbf8c684e7f9
d06ed8d5ca51ec4e, 185f70a51f23d458
063d897a8972311c, 60f66651db3f8d77
67a97258be7d3454, 6a2a48856b3153b7
2c5d0a0f21840af2, 980137145f95784c
f2e3c7bc34b30a3a, 749c001c7aede38e
f193b57a06e6976d, 875d7e3b4d6b7db1
8f09c54e86f9a2b2, 4a66f16ce3c157c8
57adc27831cc6a23, bf4b8e5d4b3d5407
af32e0e4e5ea1ed6, 83cbdc7f720f059d
7ed35184bae8f149, 941982f319d51486
d8f530fb1149a476, 4e1aa998568b78ff
f1b69777b03a2907, 93715928b9829a3d
e7eb7f18b8ea3b67, 4f8a71adca682004
1c1b4b01066ad884, 80b6aad89e38a6c2
3d2908f711f94102, 2eff303b64efed56
afd8795f12a266f9, 8c6b25ec0bfae0a4
8ee61146d04dadec, 188a3f1b5a18e6d2
68f9ed6e63c5f2a0, c02aec8de43947fc
eefa98fff3d901a3, 47c9f3a85b0afc01
b17a02c41d69bdab, 9c380f4805cb9db5
4fcff11f1c9e0b84, 31c11d793a97f0d1
e3f5a846155250c2, 3ec0ce5f8d18d436
97f8f3fabee59bac, 6c88b793f4fcfb98
e033acd30cad76bd, 6495c1c242f0ea2e
28798145e23ff031, 79106f300c40beab
0ee1502a7f5bae17, 0c44c48d5ec0b5a9
53a1111187acbe67, f837630eae85ce36
df6a3aeb17b1a93f, 2d4c4e00b48d5752
2a2a840c69743d77, 16dd55fddfca405c
558da1d5e850ec3b, e902faeec6bd4eec
f1fd4d78aa0bdf89, 88ffbaa5ca24a75f
751a758ccb1eccf5, 4bc7fe675e23d3b0
99a40bd19b7024d9, a75f1c2169300e3e
485001b2c53e291a, ff2df57e5209c592
cbcbefb31bdbee0c, e6070d2af47334ab
d93b858346640cbb, ce90aa454c2c2d56
7e8148499f143ee8, 8bbb9dc8d34aa8d2
643f9a297dc34448, 05661523200b132e
8e33fba90feab6e8, b4e42c7070c09528
253b6b6c9f77271e, eb057f2814425994
f96f679883a680e8, c7238d2fafde5499
e51a1163de55ab6c, ed96134b347c001a
89a7169891cc80b6, 25b2ee167a969665
494453a7cc1f77a4, 67767eae4dd2a424
38ebed3b89d4ff03, ece9a2e296950de2
